RewriteEngine On

# Redirect old URLs to new URLs
Redirect 301 /visionmission.php https://abes.ac.in/visionmission.html
Redirect 301 /bog.php https://abes.ac.in/bog.html
Redirect 301 /Chairmanmessage.php https://abes.ac.in/Chairmanmessage.html
Redirect 301 /directorsmesssage.php https://abes.ac.in/directorsmesssage.html
Redirect 301 /institute-achievement.php https://abes.ac.in/institute-achievement.html
Redirect 301 /student-achievement.php https://abes.ac.in/student-achievement.html
Redirect 301 /aaa-about-aaa.php https://abes.ac.in/aaa-about-aaa.html
Redirect 301 /nba-accredited-college.php https://abes.ac.in/nba-accredited-college.html
Redirect 301 /naac-accredited-colleges.php https://abes.ac.in/naac-accredited-colleges.html
Redirect 301 /ACC-iso.php https://abes.ac.in/ACC-iso.html
Redirect 301 /nirf-ranking-college.php https://abes.ac.in/nirf-ranking-college.html
Redirect 301 /ACC-iic_ariia.php https://abes.ac.in/ACC-iic_ariia.html
Redirect 301 /courses-offered.php https://abes.ac.in/courses-offered.html
Redirect 301 /computer-science-engineering.php https://abes.ac.in/computer-science-engineering.html
Redirect 301 /cse-aiml.php https://abes.ac.in/academics/cse-aiml.html
Redirect 301 /cse-datascience.php https://abes.ac.in/academics/cse-datascience.html
Redirect 301 /mechanical-engineering.php https://abes.ac.in/academics/mechanical-engineering.html
Redirect 301 /ece-department.php https://abes.ac.in/academics/ece-department.html
Redirect 301 /electrical-and-computer-engineering.php https://abes.ac.in/academics/electrical-and-computer-engineering.html
Redirect 301 /mca-department.php https://abes.ac.in/academics/mca-department.html
Redirect 301 /life@abes_new.php https://abes.ac.in/life@abes_new.html
Redirect 301 /placement.php https://abes.ac.in/placement.html
Redirect 301 http://orbits.abes.ac.in/ http://orbits.abes.ac.in/
Redirect 301 /uav-journey.php https://abes.ac.in/uav-journey.html
Redirect 301 https://inurture.net/ https://inurture.net/
Redirect 301 /ecell/ https://abes.ac.in/ecell/
Redirect 301 /aicte-idea-lab.php https://abes.ac.in/aicte-idea-lab.html
Redirect 301 /footer-aicteapprovals.php https://abes.ac.in/footer-aicteapprovals.html
Redirect 301 /footer-affiliationletter.php https://abes.ac.in/footer-affiliationletter.html
Redirect 301 /education-verification.php https://abes.ac.in/education-verification.html
Redirect 301 /auditedstatement.php https://abes.ac.in/auditedstatement.html
Redirect 301 /footer-form.php https://abes.ac.in/footer-form.html
Redirect 301 /policycollege.php https://abes.ac.in/policycollege.html
Redirect 301 /GRC-grievance-redressal-cell.php https://abes.ac.in/GRC-grievance-redressal-cell.html
Redirect 301 /footer-Committees.php https://abes.ac.in/footer-Committees.html
Redirect 301 /circulars.php https://abes.ac.in/circulars.html
Redirect 301 /CAREER-department.php https://abes.ac.in/CAREER-department.html
Redirect 301 /cetl-about.php https://abes.ac.in/cetl-about.html
Redirect 301 /hr-policies.php https://abes.ac.in/hr-policies.html
Redirect 301 /iandepolicies.php https://abes.ac.in/iandepolicies.html
Redirect 301 /values-added-courses-overview.php https://abes.ac.in/values-added-courses-overview.html
Redirect 301 /computer-science-engineering.php https://abes.ac.in/computer-science-engineering.html
Redirect 301 /cse-aiml.php https://abes.ac.in/cse-aiml.html
Redirect 301 /cse-datascience.php https://abes.ac.in/cse-datascience.html
Redirect 301 /mechanical-engineering.php https://abes.ac.in/mechanical-engineering.html
Redirect 301 /ece-department.php https://abes.ac.in/ece-department.html
Redirect 301 /electrical-and-computer-engineering.php https://abes.ac.in/electrical-and-computer-engineering.html
Redirect 301 /mca-department.php https://abes.ac.in/mca-department.html
Redirect 301 /fee-structure.php https://abes.ac.in/courses-offered.html#fee-structure-description
Redirect 301 /courses.php https://abes.ac.in/courses-offered.html#progs-offered-description
Redirect 301 /documents-required.php https://abes.ac.in/courses-offered.html#docs-required-description
Redirect 301 /placement-btech.php https://abes.ac.in/placement.html
Redirect 301 https://inurture.net/ https://abes.ac.in/iNurture.html
Redirect 301 /academic-calender-odd21-22.php https://abes.ac.in/Academic-Calender.html
Redirect 301 /ACC-iic_ariia.php https://abes.ac.in/ACC-iic_ariia.html
Redirect 301 cse-about.php https://abes.ac.in/computer-science-engineering.html#about-description
Redirect 301 cse-hod-messege.php https://abes.ac.in/computer-science-engineering.html#hod-description
Redirect 301 /cse-infrastructure.php https://abes.ac.in/computer-science-engineering.html#infrastructure-description
Redirect 301 /cse-achievements.php https://abes.ac.in/computer-science-engineering.html#achievements-description
Redirect 301 /cse-event.php https://abes.ac.in/computer-science-engineering.html#events-description
Redirect 301 /cse-magazine-2022.php https://abes.ac.in/computer-science-engineering.html#magazine-description
Redirect 301 /cse-publication.php?dept=cse&p=journal https://abes.ac.in/computer-science-engineering.html#publications-description
Redirect 301 /cse-consultancy.php https://abes.ac.in/computer-science-engineering.html#consultancy-description
Redirect 301 /cse-industry-connects.php https://abes.ac.in/computer-science-engineering.html#industry-connect-description
Redirect 301 /cse-department-faq.php https://abes.ac.in/computer-science-engineering.html#faq-description
Redirect 301 /cse-aiml.php https://abes.ac.in/cse-aiml.html#overview-description
Redirect 301 /cseaiml-about.php https://abes.ac.in/cse-aiml.html#about-description
Redirect 301 /cseaiml-hod-messege.php https://abes.ac.in/cse-aiml.html#hod-description
Redirect 301 /cseaiml-faculty.php https://abes.ac.in/cse-aiml.html#faculty-description
Redirect 301 /cseaiml-student-achievements.php https://abes.ac.in/cse-aiml.html#achievements-description
Redirect 301 /cseaiml-event.php https://abes.ac.in/cse-aiml.html#events-description
Redirect 301 /cse-datascience.php https://abes.ac.in/cse-datascience.html#overview-description
Redirect 301 /ds-about.php https://abes.ac.in/cse-datascience.html#about-description
Redirect 301 /ds-hod-messege.php https://abes.ac.in/cse-datascience.html#hod-description
Redirect 301 /cseds-faculty.php https://abes.ac.in/cse-datascience.html#faculty-description
Redirect 301 /ds-achievement.php https://abes.ac.in/cse-datascience.html#achievements-description
Redirect 301 /ds-industry-connect.php https://abes.ac.in/cse-datascience.html#industry-connect-description
Redirect 301 /mechanical-engineering.php https://abes.ac.in/mechanical-engineering.html#overview-description
Redirect 301 /ME-about.php https://abes.ac.in/mechanical-engineering.html#about-description
Redirect 301 /ME-hod-messege.php https://abes.ac.in/mechanical-engineering.html#hod-description
Redirect 301 /ME-faculty.php https://abes.ac.in/mechanical-engineering.html#faculty-description
Redirect 301 /ME-infrastructure.php https://abes.ac.in/mechanical-engineering.html#infrastructure-description
Redirect 301 /ME-achievements.php https://abes.ac.in/mechanical-engineering.html#achievements-description
Redirect 301 /ME-event.php https://abes.ac.in/mechanical-engineering.html#events-description
Redirect 301 /ME-magazine2021.php https://abes.ac.in/mechanical-engineering.html#magazine-description
Redirect 301 /ME-publication.php?dept=me&p=journal https://abes.ac.in/mechanical-engineering.html#publications-description
Redirect 301 /ME-consultancy.php https://abes.ac.in/mechanical-engineering.html#consultancy-description
Redirect 301 /ME-industry-connects.php https://abes.ac.in/mechanical-engineering.html#industry-connect-description
Redirect 301 /me-training.php https://abes.ac.in/mechanical-engineering.html#training-description
Redirect 301 /me-techsociety.php https://abes.ac.in/mechanical-engineering.html#tech-society-description
Redirect 301 /ME-department-FAQ.php https://abes.ac.in/mechanical-engineering.html#faq-description
Redirect 301 /ece-department.php https://abes.ac.in/ece-department.html#overview-description
Redirect 301 /ece-about.php https://abes.ac.in/ece-department.html#about-description
Redirect 301 /ece-hod-messege.php https://abes.ac.in/ece-department.html#hod-description
Redirect 301 /ece-faculty.php https://abes.ac.in/ece-department.html#faculty-description
Redirect 301 /ece-infrastructure.php https://abes.ac.in/ece-department.html#infrastructure-description
Redirect 301 /ece-faculty-achievement.php https://abes.ac.in/ece-department.html#achievements-description
Redirect 301 /ece-event.php https://abes.ac.in/ece-department.html#events-description
Redirect 301 /ece-magazine2021.php https://abes.ac.in/ece-department.html#magazine-description
Redirect 301 /ece-publication.php?dept=ec&p=journal https://abes.ac.in/ece-department.html#publications-description
Redirect 301 /ece-consultancy.php https://abes.ac.in/ece-department.html#consultancy-description
Redirect 301 /ece-industry-connects.php https://abes.ac.in/ece-department.html#industry-connect-description
Redirect 301 /ece-department-faq.php https://abes.ac.in/ece-department.html#faq-description
Redirect 301 /electrical-and-computer-engineering.php https://abes.ac.in/electrical-and-computer-engineering.html#overview-description
Redirect 301 /ELCE-about.php https://abes.ac.in/electrical-and-computer-engineering.html#about-description
Redirect 301 /elce-hod-messege.php https://abes.ac.in/electrical-and-computer-engineering.html#hod-description
Redirect 301 /ELCE-faculty.php https://abes.ac.in/electrical-and-computer-engineering.html#faculty-description
Redirect 301 /mca-department.php https://abes.ac.in/mca-department.html#overview-description
Redirect 301 /mca-about.php https://abes.ac.in/mca-department.html#about-description
Redirect 301 /mca-hod-messege.php https://abes.ac.in/mca-department.html#hod-description
Redirect 301 /mca-faculty.php https://abes.ac.in/mca-department.html#faculty-description
Redirect 301 /mca-infrastructure.php https://abes.ac.in/mca-department.html#infrastructure-description
Redirect 301 /mca-achievement.php https://abes.ac.in/mca-department.html#achievements-description
Redirect 301 /mca-event.php https://abes.ac.in/mca-department.html#events-description
Redirect 301 /mca-magazine.php https://abes.ac.in/mca-department.html#magazine-description
Redirect 301 /mca-publication.php?dept=mca&p=journal https://abes.ac.in/mca-department.html#publications-description
Redirect 301 /mca-consultancy.php https://abes.ac.in/mca-department.html#consultancy-description
Redirect 301 /mca-industry-connects.php https://abes.ac.in/mca-department.html#industry-connect-description
Redirect 301 /mca-department-faq.php https://abes.ac.in/mca-department.html#faq-description
Redirect 301 /courses-offered.php https://abes.ac.in/courses-offered.html#progs-offered-description
Redirect 301 /admission-procedure.php https://abes.ac.in/courses-offered.html#adm-procedure-description
Redirect 301 /eligibility.php https://abes.ac.in/courses-offered.html#eligibility-description
Redirect 301 /admission-enquiry.php https://abes.ac.in/courses-offered.html#adm-enquiry-description
Redirect 301 /documents-required.php https://abes.ac.in/courses-offered.html#docs-required-description
Redirect 301 /fee-structure.php https://abes.ac.in/courses-offered.html#fee-structure-description
Redirect 301 /payment-procedure.php https://abes.ac.in/courses-offered.html#payment-procedure-description
Redirect 301 /refund-policy.php https://abes.ac.in/courses-offered.html#refund-policy-description
Redirect 301 /pdf/Anti%20Ragging%20Affidavit%20Guidelines.pdf https://abes.ac.in/courses-offered.html#anti-ragging-description
Redirect 301 /scholarship-policies.php https://abes.ac.in/courses-offered.html#scholarship-state-description

# php -- BEGIN cPanel-generated handler, do not edit
# This domain inherits the “PHP” package.
# php -- END cPanel-generated handler, do not edit
